strategy,date,ticker,side,shares,price,value
Buy & Hold,2026-03-02T00:00:00,SPY,BUY,1685.72,593.22,1000000.0
Momentum,2026-03-31T00:00:00,TSLA,BUY,685.62,291.71,200000.0
Momentum,2026-03-31T00:00:00,AMZN,BUY,940.88,212.57,200000.0
Momentum,2026-03-31T00:00:00,JPM,BUY,778.16,257.02,200000.0
Momentum,2026-03-31T00:00:00,NVDA,BUY,1305.85,153.16,200000.0
Momentum,2026-03-31T00:00:00,XOM,BUY,1827.26,109.45,200000.0
Momentum,2026-04-29T00:00:00,TSLA,SELL,685.62,299.56,205386.27
Momentum,2026-04-29T00:00:00,AMZN,SELL,940.88,190.28,179029.8
Momentum,2026-04-29T00:00:00,JPM,SELL,778.16,259.07,201599.62
Momentum,2026-04-29T00:00:00,NVDA,SELL,1305.85,137.43,179456.29
Momentum,2026-04-29T00:00:00,XOM,SELL,1827.26,110.53,201973.03
Momentum,2026-04-29T00:00:00,TSLA,BUY,645.91,299.56,193489.0
Momentum,2026-04-29T00:00:00,MSFT,BUY,443.68,436.11,193489.0
Momentum,2026-04-29T00:00:00,JNJ,BUY,1255.91,154.06,193489.0
Momentum,2026-04-29T00:00:00,JPM,BUY,746.85,259.07,193489.0
Momentum,2026-04-29T00:00:00,XOM,BUY,1750.51,110.53,193489.0
Momentum,2026-05-28T00:00:00,TSLA,SELL,645.91,309.06,199623.25
Momentum,2026-05-28T00:00:00,MSFT,SELL,443.68,458.0,203201.56
Momentum,2026-05-28T00:00:00,JNJ,SELL,1255.91,151.92,190796.55
Momentum,2026-05-28T00:00:00,JPM,SELL,746.85,270.97,202376.19
Momentum,2026-05-28T00:00:00,XOM,SELL,1750.51,111.37,194950.16
Momentum,2026-05-28T00:00:00,NVDA,BUY,1055.92,187.69,198189.54
Momentum,2026-05-28T00:00:00,AMZN,BUY,913.26,217.01,198189.54
Momentum,2026-05-28T00:00:00,MSFT,BUY,432.73,458.0,198189.54
Momentum,2026-05-28T00:00:00,JPM,BUY,731.4,270.97,198189.54
Momentum,2026-05-28T00:00:00,SPY,BUY,347.57,570.22,198189.54
Momentum,2026-06-26T00:00:00,NVDA,SELL,1055.92,171.91,181527.21
Momentum,2026-06-26T00:00:00,AMZN,SELL,913.26,204.64,186890.41
Momentum,2026-06-26T00:00:00,MSFT,SELL,432.73,447.04,193450.27
Momentum,2026-06-26T00:00:00,JPM,SELL,731.4,279.92,204734.52
Momentum,2026-06-26T00:00:00,SPY,SELL,347.57,581.24,202020.96
Momentum,2026-06-26T00:00:00,JPM,BUY,692.07,279.92,193724.67
Momentum,2026-06-26T00:00:00,SPY,BUY,333.3,581.24,193724.67
Momentum,2026-06-26T00:00:00,TSLA,BUY,605.32,320.04,193724.67
Momentum,2026-06-26T00:00:00,JNJ,BUY,1274.07,152.05,193724.67
Momentum,2026-06-26T00:00:00,XOM,BUY,1808.46,107.12,193724.67
Momentum,2026-07-27T00:00:00,JPM,SELL,692.07,269.0,186166.01
Momentum,2026-07-27T00:00:00,SPY,SELL,333.3,567.83,189253.53
Momentum,2026-07-27T00:00:00,TSLA,SELL,605.32,369.45,223636.05
Momentum,2026-07-27T00:00:00,JNJ,SELL,1274.07,146.3,186395.79
Momentum,2026-07-27T00:00:00,XOM,SELL,1808.46,115.09,208144.48
Momentum,2026-07-27T00:00:00,TSLA,BUY,537.88,369.45,198719.17
Momentum,2026-07-27T00:00:00,NVDA,BUY,1024.39,193.99,198719.17
Momentum,2026-07-27T00:00:00,XOM,BUY,1726.57,115.09,198719.17
Momentum,2026-07-27T00:00:00,AAPL,BUY,1005.58,197.62,198719.17
Momentum,2026-07-27T00:00:00,SPY,BUY,349.97,567.83,198719.17
Momentum,2026-08-25T00:00:00,TSLA,SELL,537.88,354.0,190406.41
Momentum,2026-08-25T00:00:00,NVDA,SELL,1024.39,188.73,193338.25
Momentum,2026-08-25T00:00:00,XOM,SELL,1726.57,108.55,187425.02
Momentum,2026-08-25T00:00:00,AAPL,SELL,1005.58,207.65,208804.5
Momentum,2026-08-25T00:00:00,SPY,SELL,349.97,592.95,207512.81
Momentum,2026-08-25T00:00:00,AMZN,BUY,1010.44,195.46,197497.4
Momentum,2026-08-25T00:00:00,AAPL,BUY,951.13,207.65,197497.4
Momentum,2026-08-25T00:00:00,SPY,BUY,333.07,592.95,197497.4
Momentum,2026-08-25T00:00:00,MSFT,BUY,450.13,438.76,197497.4
Momentum,2026-08-25T00:00:00,KO,BUY,3671.53,53.79,197497.4
Mean Reversion,2026-03-20T00:00:00,AAPL,BUY,237.99,210.09,50000.0
Mean Reversion,2026-03-20T00:00:00,JNJ,BUY,332.11,150.55,50000.0
Mean Reversion,2026-03-27T00:00:00,SPY,BUY,86.35,579.04,50000.0
Mean Reversion,2026-04-07T00:00:00,AAPL,SELL,237.99,222.8,53022.64
Mean Reversion,2026-04-08T00:00:00,AMZN,BUY,247.51,202.01,50000.0
Mean Reversion,2026-04-20T00:00:00,JPM,BUY,201.69,247.91,50000.0
Mean Reversion,2026-04-24T00:00:00,AAPL,BUY,238.04,210.05,50000.0
Mean Reversion,2026-04-28T00:00:00,JNJ,SELL,332.11,156.9,52106.85
Mean Reversion,2026-05-01T00:00:00,JPM,SELL,201.69,262.42,52927.03
Mean Reversion,2026-05-05T00:00:00,KO,BUY,793.75,62.99,50000.0
Mean Reversion,2026-05-15T00:00:00,AMZN,SELL,247.51,211.67,52390.96
Mean Reversion,2026-05-21T00:00:00,SPY,SELL,86.35,569.09,49140.78
Mean Reversion,2026-06-12T00:00:00,NVDA,BUY,282.24,177.15,50000.0
Mean Reversion,2026-06-12T00:00:00,XOM,BUY,474.22,105.44,50000.0
Mean Reversion,2026-06-24T00:00:00,AMZN,BUY,239.21,209.02,50000.0
Mean Reversion,2026-06-25T00:00:00,MSFT,BUY,110.79,451.29,50000.0
Mean Reversion,2026-07-01T00:00:00,SPY,BUY,87.63,570.6,50000.0
Mean Reversion,2026-07-06T00:00:00,TSLA,BUY,165.11,302.82,50000.0
Mean Reversion,2026-07-10T00:00:00,JNJ,BUY,337.27,148.25,50000.0
Mean Reversion,2026-07-13T00:00:00,NVDA,SELL,282.24,192.69,54385.33
Mean Reversion,2026-07-15T00:00:00,XOM,SELL,474.22,115.78,54905.89
Mean Reversion,2026-07-20T00:00:00,TSLA,SELL,165.11,359.75,59400.02
Mean Reversion,2026-07-23T00:00:00,AAPL,SELL,238.04,203.19,48367.09
Mean Reversion,2026-07-31T00:00:00,JPM,BUY,192.46,259.79,50000.0
Mean Reversion,2026-08-07T00:00:00,SPY,SELL,87.63,578.94,50731.12
Mean Reversion,2026-08-12T00:00:00,XOM,BUY,463.39,107.9,50000.0
Mean Reversion,2026-08-24T00:00:00,MSFT,SELL,110.79,431.95,47856.79
Mean Reversion,2026-08-25T00:00:00,AMZN,SELL,239.21,195.46,46754.52
MA Crossover,2026-06-01T00:00:00,SPY,BUY,1739.06,575.02,1000000.0
MA Crossover,2026-07-09T00:00:00,SPY,SELL,1739.06,574.12,998422.68
MA Crossover,2026-08-14T00:00:00,SPY,BUY,1686.61,591.97,998422.68
Dollar-Cost Averaging,2026-03-02T00:00:00,MSFT,BUY,30.316,422.89,12820.51
Dollar-Cost Averaging,2026-03-02T00:00:00,NVDA,BUY,88.695,144.55,12820.51
Dollar-Cost Averaging,2026-03-02T00:00:00,AAPL,BUY,56.46,227.07,12820.51
Dollar-Cost Averaging,2026-03-09T00:00:00,MSFT,BUY,31.265,410.06,12820.51
Dollar-Cost Averaging,2026-03-09T00:00:00,NVDA,BUY,85.353,150.21,12820.51
Dollar-Cost Averaging,2026-03-09T00:00:00,AAPL,BUY,56.902,225.31,12820.51
Dollar-Cost Averaging,2026-03-16T00:00:00,MSFT,BUY,30.895,414.97,12820.51
Dollar-Cost Averaging,2026-03-16T00:00:00,NVDA,BUY,79.063,162.16,12820.51
Dollar-Cost Averaging,2026-03-16T00:00:00,AAPL,BUY,59.124,216.84,12820.51
Dollar-Cost Averaging,2026-03-23T00:00:00,MSFT,BUY,30.504,420.29,12820.51
Dollar-Cost Averaging,2026-03-23T00:00:00,NVDA,BUY,83.385,153.75,12820.51
Dollar-Cost Averaging,2026-03-23T00:00:00,AAPL,BUY,61.012,210.13,12820.51
Dollar-Cost Averaging,2026-03-30T00:00:00,MSFT,BUY,30.599,418.99,12820.51
Dollar-Cost Averaging,2026-03-30T00:00:00,NVDA,BUY,83.956,152.71,12820.51
Dollar-Cost Averaging,2026-03-30T00:00:00,AAPL,BUY,60.205,212.95,12820.51
Dollar-Cost Averaging,2026-04-06T00:00:00,MSFT,BUY,30.287,423.3,12820.51
Dollar-Cost Averaging,2026-04-06T00:00:00,NVDA,BUY,83.143,154.2,12820.51
Dollar-Cost Averaging,2026-04-06T00:00:00,AAPL,BUY,57.711,222.15,12820.51
Dollar-Cost Averaging,2026-04-13T00:00:00,MSFT,BUY,29.122,440.24,12820.51
Dollar-Cost Averaging,2026-04-13T00:00:00,NVDA,BUY,87.29,146.87,12820.51
Dollar-Cost Averaging,2026-04-13T00:00:00,AAPL,BUY,59.1,216.93,12820.51
Dollar-Cost Averaging,2026-04-20T00:00:00,MSFT,BUY,28.951,442.84,12820.51
Dollar-Cost Averaging,2026-04-20T00:00:00,NVDA,BUY,89.245,143.66,12820.51
Dollar-Cost Averaging,2026-04-20T00:00:00,AAPL,BUY,60.524,211.83,12820.51
Dollar-Cost Averaging,2026-04-27T00:00:00,MSFT,BUY,29.072,440.99,12820.51
Dollar-Cost Averaging,2026-04-27T00:00:00,NVDA,BUY,89.345,143.5,12820.51
Dollar-Cost Averaging,2026-04-27T00:00:00,AAPL,BUY,60.405,212.24,12820.51
Dollar-Cost Averaging,2026-05-04T00:00:00,MSFT,BUY,28.904,443.56,12820.51
Dollar-Cost Averaging,2026-05-04T00:00:00,NVDA,BUY,85.745,149.52,12820.51
Dollar-Cost Averaging,2026-05-04T00:00:00,AAPL,BUY,61.749,207.62,12820.51
Dollar-Cost Averaging,2026-05-11T00:00:00,MSFT,BUY,27.989,458.06,12820.51
Dollar-Cost Averaging,2026-05-11T00:00:00,NVDA,BUY,76.749,167.04,12820.51
Dollar-Cost Averaging,2026-05-11T00:00:00,AAPL,BUY,60.958,210.32,12820.51
Dollar-Cost Averaging,2026-05-18T00:00:00,MSFT,BUY,28.295,453.11,12820.51
Dollar-Cost Averaging,2026-05-18T00:00:00,NVDA,BUY,77.258,165.94,12820.51
Dollar-Cost Averaging,2026-05-18T00:00:00,AAPL,BUY,64.044,200.18,12820.51
Dollar-Cost Averaging,2026-05-25T00:00:00,MSFT,BUY,28.111,456.07,12820.51
Dollar-Cost Averaging,2026-05-25T00:00:00,NVDA,BUY,66.857,191.76,12820.51
Dollar-Cost Averaging,2026-05-25T00:00:00,AAPL,BUY,63.942,200.5,12820.51
Dollar-Cost Averaging,2026-06-01T00:00:00,MSFT,BUY,27.478,466.58,12820.51
Dollar-Cost Averaging,2026-06-01T00:00:00,NVDA,BUY,71.001,180.57,12820.51
Dollar-Cost Averaging,2026-06-01T00:00:00,AAPL,BUY,63.856,200.77,12820.51
Dollar-Cost Averaging,2026-06-08T00:00:00,MSFT,BUY,27.579,464.87,12820.51
Dollar-Cost Averaging,2026-06-08T00:00:00,NVDA,BUY,73.589,174.22,12820.51
Dollar-Cost Averaging,2026-06-08T00:00:00,AAPL,BUY,64.642,198.33,12820.51
Dollar-Cost Averaging,2026-06-15T00:00:00,MSFT,BUY,28.13,455.75,12820.51
Dollar-Cost Averaging,2026-06-15T00:00:00,NVDA,BUY,71.644,178.95,12820.51
Dollar-Cost Averaging,2026-06-15T00:00:00,AAPL,BUY,65.01,197.21,12820.51
Dollar-Cost Averaging,2026-06-22T00:00:00,MSFT,BUY,28.077,456.62,12820.51
Dollar-Cost Averaging,2026-06-22T00:00:00,NVDA,BUY,70.352,182.23,12820.51
Dollar-Cost Averaging,2026-06-22T00:00:00,AAPL,BUY,65.569,195.53,12820.51
Dollar-Cost Averaging,2026-06-29T00:00:00,MSFT,BUY,28.337,452.43,12820.51
Dollar-Cost Averaging,2026-06-29T00:00:00,NVDA,BUY,71.285,179.85,12820.51
Dollar-Cost Averaging,2026-06-29T00:00:00,AAPL,BUY,66.392,193.1,12820.51
Dollar-Cost Averaging,2026-07-06T00:00:00,MSFT,BUY,27.975,458.28,12820.51
Dollar-Cost Averaging,2026-07-06T00:00:00,NVDA,BUY,67.477,190.0,12820.51
Dollar-Cost Averaging,2026-07-06T00:00:00,AAPL,BUY,67.076,191.13,12820.51
Dollar-Cost Averaging,2026-07-13T00:00:00,MSFT,BUY,28.52,449.53,12820.51
Dollar-Cost Averaging,2026-07-13T00:00:00,NVDA,BUY,66.534,192.69,12820.51
Dollar-Cost Averaging,2026-07-13T00:00:00,AAPL,BUY,65.472,195.82,12820.51
Dollar-Cost Averaging,2026-07-20T00:00:00,MSFT,BUY,29.778,430.53,12820.51
Dollar-Cost Averaging,2026-07-20T00:00:00,NVDA,BUY,66.798,191.93,12820.51
Dollar-Cost Averaging,2026-07-20T00:00:00,AAPL,BUY,64.804,197.83,12820.51
Dollar-Cost Averaging,2026-07-27T00:00:00,MSFT,BUY,29.831,429.78,12820.51
Dollar-Cost Averaging,2026-07-27T00:00:00,NVDA,BUY,66.09,193.99,12820.51
Dollar-Cost Averaging,2026-07-27T00:00:00,AAPL,BUY,64.876,197.62,12820.51
Dollar-Cost Averaging,2026-08-03T00:00:00,MSFT,BUY,30.87,415.31,12820.51
Dollar-Cost Averaging,2026-08-03T00:00:00,NVDA,BUY,62.836,204.03,12820.51
Dollar-Cost Averaging,2026-08-03T00:00:00,AAPL,BUY,65.111,196.9,12820.51
Dollar-Cost Averaging,2026-08-10T00:00:00,MSFT,BUY,31.481,407.25,12820.51
Dollar-Cost Averaging,2026-08-10T00:00:00,NVDA,BUY,61.747,207.63,12820.51
Dollar-Cost Averaging,2026-08-10T00:00:00,AAPL,BUY,62.905,203.81,12820.51
Dollar-Cost Averaging,2026-08-17T00:00:00,MSFT,BUY,30.683,417.83,12820.51
Dollar-Cost Averaging,2026-08-17T00:00:00,NVDA,BUY,64.483,198.82,12820.51
Dollar-Cost Averaging,2026-08-17T00:00:00,AAPL,BUY,64.166,199.8,12820.51
Dollar-Cost Averaging,2026-08-24T00:00:00,MSFT,BUY,29.681,431.95,12820.51
Dollar-Cost Averaging,2026-08-24T00:00:00,NVDA,BUY,65.534,195.63,12820.51
Dollar-Cost Averaging,2026-08-24T00:00:00,AAPL,BUY,62.135,206.33,12820.51
Dollar-Cost Averaging,2026-08-31T00:00:00,MSFT,BUY,30.343,422.51,12820.51
Dollar-Cost Averaging,2026-08-31T00:00:00,NVDA,BUY,65.298,196.34,12820.51
Dollar-Cost Averaging,2026-08-31T00:00:00,AAPL,BUY,61.686,207.84,12820.51
Pairs Trading,2026-07-14T00:00:00,MSFT,BUY,1131.48,441.9,500000.0
Pairs Trading,2026-07-14T00:00:00,AAPL,SHORT,-2550.33,196.05,500000.0
